"people/chaters.html","Gemma Chaters"
"people/emsley.html","Hedley Emsley"
"people/filipe.html","Luís Filipe"
"people/knight.html","Jo Knight"
"people/markeyk.html","Keira Markey"
"people/moores.html","Sam Moore"
"people/read.html","Jonathan Read"
"people/rowlings.html","Barry Rowlingson"
"people/ushakova.html","Anastasia Ushakova"
"people/whitel.html","Laura Michelle White"
"people/hali.html","Hebatallah Ali"
"people/clark.html","Freya Clark"
"people/glossop.html","Zoe Glossop"
"people/kyomuhan.html","Irene Kyomuhangi"
"people/leng.html","Trystan Leng"
"people/metters.html","Aimee Metters"
"people/timpermj.html","Matt Timperley"
"people/appleton.html","Charlotte Appleton"
"people/daviesq.html","Quin Davies"
"people/halsall.html","Lauren Halsall"
"people/jibuaku.html","Chiamaka Henrietta Jibuaku"
"people/kamwezi.html","Richard Kamwezi"
"people/khalid.html","Farah Khalid"
"people/leungwy.html","Wing Yin Leung"
"people/li.html","Rui Li"
"people/lowtherp.html","Hayley Lowther-Payne"
"people/ma.html","Yawen Ma"
"people/padley.html","Sami Padley"
"people/prendergast.html","James Prendergast"
"people/purkiss.html","Jana Purkiss"
"people/ruizcuenca.html","Pablo Ruiz Cuenca"
"people/ryanc.html","Cían Ryan"
"people/sonin.html","Nirali Soni"
"people/atkinson.html","Peter Atkinson"
"people/biggin.html","Fran Biggin"
"people/chandrabalan.html","Vishnu Chandrabalan"
"people/diggle.html","Peter Diggle"
"people/jewell.html","Chris Jewell"
"people/killick.html","Rebecca Killick"
"people/thomson.html","Madeleine Thomson"
